{
 "laps": {
  "a/b": [
   0.10165200000000008,
   0.10893089999999983,
   0.10869060000000008,
   0.10884649999999985,
   0.10936980000000007,
   0.10798029999999992,
   0.1102455,
   0.11051910000000031,
   0.10851400000000044,
   0.10840829999999979
  ],
  "a": [
   1.0835192999999999
  ]
 }
}